wind_speed,swr,mixing/coef_mix_hyp,sediment/sed_temp_mean,sediment/sed_temp_mean,par_id
1.0327,0.72244,1.5124,2.381,13.189,p01
1.7636,1.3713,1.8377,9.3335,7.7611,p02
0.59586,0.67794,1.1344,3.4024,17.869,p03
1.1433,0.99063,0.5638,8.4014,8.6526,p04
1.699,1.1181,0.15476,14.44,4.0919,p05
