wind_speed,swr,ModelParameters/a_seiche,ModelParameters/k_min,par_id
0.57255,0.60674,0.00097376,2.2621e-11,p01
1.5261,0.82185,0.0016924,7.2485e-09,p02
1.951,1.244,0.0018836,1.7643e-14,p03
1.1627,1.0056,0.0013076,1.6292e-07,p04
1.0124,1.485,0.0023987,2.9442e-12,p05
