wind_speed,swr,turbulence/turb_param/k_min,light_extinction/g1/constant_value,par_id
1.1579,0.96485,1.573e-09,0.36105,p01
1.4354,1.2637,1.631e-09,0.85964,p02
1.9277,0.57491,1.1102e-06,0.17849,p03
0.83257,1.3363,3.9771e-07,0.80181,p04
0.6881,0.80803,1.8337e-05,0.42431,p05
