wind_speed,swr,mixing/coef_mix_hyp,sediment/sed_temp_mean,sediment/sed_temp_mean,par_id
1.7921,0.90884,0.82597,19.187,7.1837,p01
1.4836,1.1654,1.554,9.5565,13.79,p02
0.54718,0.81818,1.0274,12.512,8.9711,p03
1.0273,1.3057,1.7499,3.8806,3.8465,p04
1.1388,0.54502,0.16722,7.1793,16.788,p05
