wind_speed,swr,turbulence/turb_param/k_min,light_extinction/g1/constant_value,par_id
1.4624,1.1788,5.2083e-05,0.54722,p01
0.74103,0.60659,0.00038876,0.78108,p02
1.2684,0.80488,5.155e-06,0.92225,p03
1.8785,1.4473,2.4304e-05,0.2789,p04
0.87914,0.99212,0.00016276,0.10285,p05
