wind_speed,swr,LAKE_PARAMS/c_relax_C,par_id
0.94789,0.91808,0.0052098,p01
1.1542,1.4725,0.00031863,p02
0.56181,1.2388,0.0019942,p03
1.5594,0.54111,0.00014243,p04
1.8293,0.7306,0.00091748,p05
