wind_speed,swr,c_relax_C,par_id
1.198,1.3847,0.0058879,p01
1.5477,0.82856,0.0082541,p02
0.64087,0.53767,0.00057631,p03
1.7884,1.1696,0.0036686,p04
0.91959,0.97943,0.0061107,p05
