wind_speed,swr,a_seiche,par_id
1.5543,1.0883,0.0026909,p01
1.8277,1.4088,0.0015352,p02
1.2352,0.65711,0.0023211,p03
0.52694,1.2806,0.00095201,p04
0.91901,0.78623,0.0020968,p05
